kepoi_name,kepler_name,kepid,probability,score,rank,top_reasons
K01803.01,,4349442,1.0,0.9993814858629032,1,n_kois_on_star=3 (+3.194); log_prad=0.369 (+1.968); log_depth=2.9 (+1.020)
K00935.04,,9347899,1.0,0.9993570495068846,2,n_kois_on_star=4 (+4.224); duration_ratio=0.832 (+1.280); log_prad=0.288 (+1.240)
K01628.03,,6975129,1.0,0.9989281117228898,3,n_kois_on_star=3 (+4.226); duration_ratio=1 (+1.708); log_prad=0.246 (+1.338)
K04526.01,,3765917,1.0,0.9985914144395598,4,duration_ratio=0.929 (+1.767); n_kois_on_star=2 (+1.733); log_prad=0.435 (+1.722)
K01574.03,,10028792,1.0,0.9984737986450752,5,n_kois_on_star=4 (+4.829); duration_ratio=0.889 (+1.605); log_prad=0.297 (+1.053)
K06132.03,,5629353,1.0,0.9979788504906031,6,n_kois_on_star=3 (+4.188); log_prad=0.605 (+1.386); duration_ratio=0.778 (+1.023)
K02972.01,,8949925,1.0,0.9979350489701009,7,duration_ratio=1 (+1.895); n_kois_on_star=2 (+1.857); koi_srad=1.22 (+1.138)
K04032.05,,7100673,1.0,0.9977345857074399,8,n_kois_on_star=5 (+4.566); log_prad=-0.0862 (+1.421); duration_ratio=0.714 (+1.369)
K02220.04,,6871071,1.0,0.9977063595936597,9,n_kois_on_star=5 (+4.571); duration_ratio=0.688 (+1.297); log_prad=0.204 (+1.168)
K02135.02,,9904006,1.0,0.9974493094258344,10,n_kois_on_star=3 (+4.651); log_prad=0.143 (+1.335); duration_ratio=1.22 (+1.183)
K01590.01,,5542466,1.0,0.9973068007274216,11,n_kois_on_star=3 (+3.190); duration_ratio=0.951 (+2.234); log_prad=0.286 (+1.297)
K02579.03,,9896018,1.0,0.9971734047419128,12,n_kois_on_star=3 (+4.414); duration_ratio=0.919 (+1.308); log_prad=0.204 (+1.211)
K02243.03,,4770617,1.0,0.9970893484714582,13,n_kois_on_star=3 (+4.233); log_prad=0.658 (+1.196); koi_srad=1.47 (+0.917)
K02972.02,,8949925,1.0,0.9964578284058403,14,n_kois_on_star=2 (+2.335); log_prad=0.367 (+1.607); duration_ratio=1.13 (+1.444)
K04149.02,,10875007,1.0,0.9963943459501644,15,n_kois_on_star=2 (+2.445); log_prad=0.26 (+1.591); koi_srad=1.23 (+1.162)
K01239.02,,6607286,1.0,0.9962695959119507,16,n_kois_on_star=2 (+2.562); duration_ratio=0.771 (+1.440); log_prad=0.32 (+1.297)
K02732.04,,9886361,1.0,0.996161588349903,17,n_kois_on_star=4 (+4.568); log_prad=0.0531 (+1.048); duration_ratio=1.28 (+0.986)
K02037.03,,9634821,1.0,0.9961573983346023,18,n_kois_on_star=3 (+4.205); log_prad=0.354 (+1.425); koi_tce_plnt_num=3 (-0.790)
K01861.01,,3648437,1.0,0.9961122476894827,19,log_prad=0.551 (+1.993); duration_ratio=0.664 (+1.273); koi_model_snr=47.5 (+1.111)
K03936.01,,4947556,1.0,0.9960533280139527,20,duration_ratio=0.992 (+1.949); log_prad=0.474 (+1.820); n_kois_on_star=2 (+1.656)
K02174.01,,8261920,1.0,0.9959068938670216,21,n_kois_on_star=4 (+3.348); log_prad=0.387 (+1.733); duration_ratio=3 (-1.186)
K03864.02,,4164922,1.0,0.9958821929827643,22,n_kois_on_star=2 (+2.582); duration_ratio=0.95 (+2.173); log_prad=-0.0269 (+1.481)
K06132.01,,5629353,1.0,0.9958052062233866,23,n_kois_on_star=3 (+3.171); duration_ratio=0.75 (+1.123); koi_model_snr=84.5 (+0.937)
K01972.01,,11253711,1.0,0.9957017333609901,24,n_kois_on_star=2 (+2.038); log_prad=0.459 (+1.890); koi_model_snr=39.8 (+0.844)
K04431.01,,9936080,1.0,0.9953366391698735,25,n_kois_on_star=2 (+1.951); log_prad=-0.0132 (+1.309); duration_ratio=0.724 (+1.157)
K04288.02,,4548011,1.0,0.9953090511499213,26,n_kois_on_star=4 (+4.027); duration_ratio=0.876 (+1.442); log_prad=-0.137 (+1.290)
K00268.01,,3425851,1.0,0.9952984394541922,27,log_prad=0.48 (+2.122); duration_ratio=1.09 (+1.813); koi_model_snr=109 (+1.417)
K00298.02,,12785320,1.0,0.9952444880383219,28,n_kois_on_star=2 (+2.288); log_prad=0.21 (+1.921); koi_model_snr=22.9 (+0.906)
K01590.03,,5542466,1.0,0.9951518895888928,29,n_kois_on_star=3 (+4.610); duration_ratio=0.867 (+1.551); log_prad=0.114 (+1.336)
K01145.01,,8313667,1.0,0.9950903112228682,30,log_prad=0.365 (+2.090); duration_ratio=0.881 (+1.819); koi_model_snr=33.1 (+1.264)
K01194.02,,3554031,0.9642857142857143,0.994490625083845,31,n_kois_on_star=3 (+4.334); duration_ratio=1.13 (+1.477); log_prad=0.196 (+1.346)
K01053.02,,5956656,0.9642857142857143,0.9944020165730079,32,n_kois_on_star=2 (+2.293); log_prad=0.391 (+1.629); duration_ratio=0.834 (+1.500)
K02298.01,,9334893,0.9642857142857143,0.9943704037393513,33,n_kois_on_star=3 (+3.003); log_prad=-0.155 (+1.204); duration_ratio=1.31 (+0.710)
K00266.02,,7375348,0.9642857142857143,0.9942632867283971,34,n_kois_on_star=2 (+2.406); log_prad=0.241 (+1.612); koi_srad=1.29 (+0.881)
K01860.04,,4157325,0.9642857142857143,0.9941588769046316,35,n_kois_on_star=4 (+4.753); log_prad=0.199 (+1.242); duration_ratio=1.14 (+1.138)
K03341.01,,5621333,0.9642857142857143,0.9940735381903855,36,n_kois_on_star=2 (+1.996); log_prad=0.328 (+1.419); koi_srad=1.35 (+1.214)
K01856.01,,11570749,0.9642857142857143,0.9939043370684266,37,log_prad=0.636 (+1.940); koi_model_snr=55 (+1.493); duration_ratio=0.516 (+1.159)
K03184.03,,4735826,0.9642857142857143,0.9938042055088414,38,n_kois_on_star=3 (+4.314); duration_ratio=1.07 (+1.552); log_prad=-0.222 (+0.855)
K02876.01,,4367854,0.9642857142857143,0.9932155817266878,39,n_kois_on_star=2 (+2.031); duration_ratio=1.04 (+1.779); log_prad=0.137 (+1.535)
K04149.01,,10875007,0.9642857142857143,0.9931633954984092,40,n_kois_on_star=2 (+1.777); log_prad=0.233 (+1.715); koi_srad=1.23 (+1.249)
K01151.04,,8280511,0.9642857142857143,0.9931352646453409,41,n_kois_on_star=5 (+4.560); duration_ratio=1.01 (+1.712); log_prad=-0.119 (+1.313)
K01399.01,,9100484,0.9642857142857143,0.9930937350558713,42,duration_ratio=0.985 (+2.351); log_prad=0.356 (+2.020); koi_model_snr=28.3 (+1.235)
K03444.01,,5384713,0.9642857142857143,0.9927673989364599,43,n_kois_on_star=4 (+4.371); duration_ratio=0.908 (+1.678); log_prad=-0.119 (+1.309)
K01151.05,,8280511,0.9642857142857143,0.9920762469430202,44,n_kois_on_star=5 (+4.525); duration_ratio=0.976 (+1.712); log_prad=-0.0969 (+1.306)
K01015.03,,8158127,0.9642857142857143,0.992041418454073,45,n_kois_on_star=3 (+4.911); koi_model_snr=11.1 (-1.464); log_prad=0.497 (+1.414)
K02449.01,,12208631,0.9642857142857143,0.9917927066315751,46,log_prad=0.533 (+1.857); n_kois_on_star=2 (+1.646); log_depth=2.87 (+1.046)
K02593.02,,8212002,0.9642857142857143,0.9911115189270218,47,n_kois_on_star=2 (+2.486); duration_ratio=1.13 (+1.473); log_prad=-0.167 (+1.266)
K01681.01,,5531953,0.9642857142857143,0.9908460743063108,48,n_kois_on_star=4 (+3.318); duration_ratio=6.06 (-2.640); log_prad=0.149 (+1.724)
K03460.01,,9664276,0.9642857142857143,0.9906865202600894,49,log_prad=0.352 (+1.949); duration_ratio=1.17 (+1.480); koi_srad=1.51 (+1.219)
K01338.02,,4466677,0.9642857142857143,0.9903632054345941,50,n_kois_on_star=3 (+4.042); log_prad=0.22 (+1.357); duration_ratio=1.35 (+0.911)
